{"total_dist": 13.053508596792033, "exitable_num": 112.28759354568068, "to_exit": 11.783817420938947}