{"total_dist": 0.9998688549604867, "can_exit": 0.9998687273977969, "to_exit": 9.999868517565703, "opponent_exited": 0.9998685175656995}