{"total_dist": 13.056167010095493, "exitable_num": 112.29024042157035, "to_exit": 11.786465570730796, "opponent_exited": 5.0}