{"total_dist": 2.2131399970573282, "exitable_num": 0.4192012399364639, "to_exit": -1.3361300323403569, "opponent_exited": 1.1665472763198121}