{"total_dist": 10.84117889198758, "exitable_num": 111.30372417908825, "to_exit": 10.799855347546089}