{"total_dist": 1.0221728993533725, "can_exit": 2.070698196569796, "to_exit": 1.0, "opponent_exited": 1.0006314684676012}