{"total_dist": 10.841157786526173, "exitable_num": 111.30370307409166, "to_exit": 10.799834242510752}