{"total_dist": 0.8018741747928311, "can_exit": 0.07095683446272781, "to_exit": -2.0892987596383343, "opponent_exited": 1.04448420849456}