{"total_dist": 1.6090432671436403, "can_exit": 10.071001068595422, "to_exit": 5.996861077478328, "opponent_exited": 1.044502605390887}