{"total_dist": 1.6090440118325797, "can_exit": 10.071001068595422, "to_exit": 5.996866258782926, "opponent_exited": 1.044502605390887}