{"total_dist": 1.609042693665598, "can_exit": 10.071001068595422, "to_exit": 5.996857051497234, "opponent_exited": 1.044502605390887}